Unique Id Title,Source,,Owner,Status,Catagory,Purposed Url
What are herbs,http://en.wikipedia.org/wiki/Herb,About herbs,Celta Riden,Needs Editing,About,/about/what-are-herbs.html
History of herbs,http://en.wikipedia.org/wiki/Herb,About herbs,Celta Riden,Needs Editing,About,/about/history-of-herbs.html
Cultures and herbs,,About herbs,Celta Riden,Needs Editing,About,/about/culture-and-herbs.html
Dill,http://en.wikipedia.org/wiki/Dill,Types of herbs,Celta Riden,Needs Editing,Herbs for cooking,/herbs-for-cooking/dill.html
Basil,http://en.wikipedia.org/wiki/Basil,Types of herbs,Celta Riden,Needs Editing,Herbs for cooking,/herbs-for-cooking/basil.html
Garlic Chives,http://en.wikipedia.org/wiki/Garlic_chives,Types of herbs,Celta Riden,Needs Editing,Herbs for cooking,/herbs-for-cooking/garlic-chives.html
Thyme,http://en.wikipedia.org/wiki/Thyme,Types of herbs,Celta Riden,Needs Editing,Herbs for cooking,/herbs-for-cooking/thyme.html
Chives,http://en.wikipedia.org/wiki/Chives,Types of herbs,Celta Riden,Needs Editing,Herbs for cooking,/herbs-for-cooking/chives.html
Stinging Nettle,http://en.wikipedia.org/w/index.php?search=herbs+for+health&title=Special%3ASearch,Types of herbs,Celta Riden,Needs Editing,Herbs for healing,/herbs-for-healing/stingin-nettle.html
Ginger,http://en.wikipedia.org/wiki/Dandelion,Types of herbs,Celta Riden,Needs Editing,Herbs for healing,/herbs-for-healing/ginger.html
Aloe Vera,http://en.wikipedia.org/wiki/Aloe_Vera,Types of herbs,Celta Riden,Needs Editing,Herbs for healing,/herbs-for-healing/aloe-vera.html
How to grow herbs,http://www.sparkpeople.com/resource/nutrition_articles.asp?id=1739,How to,Celta Riden,Needs Editing,Grow your own herb garden,/grow-your-own-herbs/when-to-grow.html
Spices,http://en.wikipedia.org/wiki/Spice,Recipes,Celta Riden,Needs Editing,Cooking with herbs,cooking-with-herbs/spices.html
Homemade Tea,http://wellnessmama.com/5442/10-health-boosting-herbal-teas/,Recipes,Celta Riden,Needs Editing,Cooking with herbs,cooking-with-herbs/homemade-tea.html